Timestamp,Student_ID,Head_Yaw_Degree,Head_Pitch_Degree,Gaze_X,Gaze_Y,Blink_Rate,Mouth_Open_Flag,Hand_Movement_Flag,App_Switch_Flag,Noise_Level_dB
0.00.00,S101,6.04,0.3,0.345,0.57,16,0,0,0,31.37
0.00.01,S101,14.81,-5.57,0.15,0.223,13,0,0,0,33.08
0.00.02,S101,5.22,0.63,0.711,0.645,21,0,0,0,30.11
0.00.03,S101,-0.3,-2,0.737,0.788,11,0,0,0,26.89
0.00.04,S101,-1.86,4.35,1,0.383,11,0,0,0,20.88
0.00.05,S101,1.27,3.58,0.786,0.193,9,0,0,0,36.17
0.00.06,S101,-3.09,3.07,0.512,0.793,12,0,0,0,37.36
0.00.07,S101,0.08,4.9,0.709,0.763,11,0,0,1,22.65
0.00.08,S101,4.19,-2.6,0.177,0.137,7,0,0,0,40.84
0.00.09,S101,14.6,2.79,0.17,0.996,13,1,0,0,21.92
0.00.10,S101,3.3,7.93,0.681,0.778,22,0,0,0,35.85
0.00.11,S101,1.96,2.51,0.729,0.617,16,0,0,0,24.18
0.00.12,S101,5.41,2.4,0.327,0.019,15,0,0,0,26.31
0.00.13,S101,13.71,3.1,0.965,0.611,13,0,0,0,26
0.00.14,S101,-4.83,6.96,0.143,0.327,11,0,0,0,25.72
0.00.15,S101,3.12,2.19,0.704,0.472,3,0,0,0,20.48
0.00.16,S101,-0.23,9.6,0.992,0.75,19,0,0,0,31.07
0.00.17,S101,2.26,7.56,0.382,0.509,15,0,0,0,33.82
0.00.18,S101,4.27,2.59,0.934,0.397,15,1,0,0,26.42
0.00.19,S101,2.29,2.77,0.354,0.766,11,0,0,0,17.44
0.00.20,S101,-1.55,7.56,0.887,0.827,19,0,1,0,27.3
0.00.21,S101,-3.17,6.36,0.381,0.102,19,1,0,0,21.84
0.00.22,S101,4,0.59,0.492,0.16,13,0,0,0,31
0.00.23,S101,8.87,4.63,0.643,0.412,16,0,0,0,36.82
0.00.24,S101,9.89,0.93,0.248,0.647,16,0,0,0,33.82
0.00.25,S101,4.89,0.05,0.665,0.668,18,1,0,0,18.46
0.00.26,S101,7.6,6.94,0.483,0.119,11,0,0,0,26.93
0.00.27,S101,7.25,0.85,0.211,0.081,12,0,0,0,40.11
0.00.28,S101,-0.33,2.31,0.303,0.182,20,0,0,0,31.99
0.00.29,S101,7.47,2.65,0.802,0.507,10,0,0,0,29.43
0.00.30,S101,-1.18,2.44,0.301,0.353,15,0,0,0,32.4
0.00.31,S101,2.95,3.56,0.225,0.024,14,0,0,0,26.52
0.00.32,S101,-7.26,1.67,0.694,0.381,22,0,0,0,31.22
0.00.33,S101,0.57,-1.78,0.856,0.316,13,0,0,0,36.41
0.00.34,S101,13.15,1.69,0.586,0.419,14,0,1,0,17.9
0.00.35,S101,3.19,3.92,0.747,0.748,13,0,0,0,40.13
0.00.36,S101,2.41,-2.68,0.395,0.608,19,0,0,0,42.32
0.00.37,S101,4.17,-2.85,0.402,0.368,15,0,0,0,22.62
0.00.38,S101,7.19,-0.15,0.893,0.377,12,1,0,0,32.17
0.00.39,S101,11.19,-1.66,0.184,0.618,14,0,0,0,29.81
0.00.40,S101,9.66,-0.97,0.92,0.139,13,0,0,0,24.81
0.00.41,S101,4.23,4.81,0.509,0.951,13,0,0,0,38.03
0.00.42,S101,5.59,6.36,0.138,0.367,17,0,0,0,29.38
0.00.43,S101,-4.4,3.15,0.07,0.82,16,0,1,0,19.84
0.00.44,S101,2.83,2.08,0.692,0.907,9,0,0,0,37.95
0.00.45,S101,6.28,3.65,0.897,0.916,13,0,1,0,23.57
0.00.46,S101,6.6,3.73,0.978,0.838,15,0,0,0,32.53
0.00.47,S101,-3.38,0.13,0.164,0.979,9,0,0,0,23.57
0.00.48,S101,6.2,7.51,0.591,0.53,16,1,0,0,38.72
0.00.49,S101,3.61,-2.91,0.672,0.708,12,1,0,0,25.84
0.00.50,S101,5.82,-2.32,0.925,0.035,13,0,0,0,41.15
0.00.51,S101,16.09,1.14,0.657,0.661,9,0,0,0,29.34
0.00.52,S101,11.39,-0.65,0.333,0.47,10,0,0,0,36.13
0.00.53,S101,-4.22,1.7,0.891,0.524,10,0,0,0,33.13
0.00.54,S101,5.45,1.9,0.218,0.559,7,0,0,0,28.64
0.00.55,S101,12.75,2.47,0.399,0.926,13,0,1,0,32.09
0.00.56,S101,10.8,2.74,0.347,0.156,8,0,1,1,28.78
0.00.57,S101,7.53,4.59,0.928,0.839,11,0,0,0,31.17
0.00.58,S101,15.77,-2.55,0.663,0.573,16,0,0,0,35.47
0.00.59,S101,3.92,-1.73,0.34,0.258,13,0,0,0,42.09
0.01.00,S101,10.89,5.78,0.387,0.435,13,0,0,0,22.52
0.01.01,S101,9.42,-2.44,0.164,0.456,16,1,0,0,33.36
0.01.02,S101,-0.23,0.55,0.694,0.05,15,0,0,0,34.97
0.01.03,S101,6.94,1.47,0.35,0.382,11,1,0,0,26.69
0.01.04,S101,-8.74,0.72,0.983,0.368,12,0,0,0,36.35
0.01.05,S101,12.76,1.7,0.204,0.894,14,1,0,0,27.63
0.01.06,S101,7.5,3.65,0.702,0.44,18,1,0,1,22.63
0.01.07,S101,8.12,-2.33,0.52,0.097,15,0,0,0,23.91
0.01.08,S101,8.06,0.49,0.126,0.347,13,0,0,0,22.22
0.01.09,S101,2.84,0.56,0.738,0.692,10,0,0,0,35.47
0.01.10,S101,-2.91,6.2,0.826,0.928,14,0,0,0,33.34
0.01.11,S101,3.58,5.48,0.168,0.196,10,0,0,0,27.24
0.01.12,S101,9.12,5.77,0.013,0.599,17,0,0,0,30.4
0.01.13,S101,5.6,3.27,0.37,0.657,10,0,0,0,31.17
0.01.14,S101,10.44,5.89,0.837,0.37,12,0,0,0,27.44
0.01.15,S101,-2.14,2.24,0.526,0.509,15,0,0,0,26.02
0.01.16,S101,6.62,5.68,0.193,0.474,16,0,0,0,27.65
0.01.17,S101,4.26,0.85,0.349,0.262,17,0,0,0,38.37
0.01.18,S101,11.39,-4.56,0.478,0.465,11,1,0,0,30.48
0.01.19,S101,10.34,4.46,0.559,0.899,19,0,0,0,29.06
0.01.20,S101,3.28,5.09,0.856,0.92,16,1,1,0,29.79
0.01.21,S101,4.87,-2.93,0.316,0.83,16,0,0,0,30.93
0.01.22,S101,10.52,-1.39,0.398,0.435,13,0,0,0,33.06
0.01.23,S101,0.76,6.32,0.041,0.266,15,1,0,0,15.27
0.01.24,S101,-0.09,5.8,0.414,0.424,17,0,0,0,36.66
0.01.25,S101,-1.45,-1,0.541,0.812,12,1,0,0,22.62
0.01.26,S101,5.29,5.34,0.404,0.164,19,0,0,0,17.25
0.01.27,S101,2.25,-0.75,0.211,0.521,14,0,0,0,32.11
0.01.28,S101,0.18,5.85,0.503,0.424,21,0,1,0,28.74
0.01.29,S101,1.53,0.73,0.177,0.515,15,0,0,0,30.69
0.01.30,S101,9.74,9.23,0.656,0.682,9,0,0,0,33.66
0.01.31,S101,-2.5,4.67,0.561,0.988,19,0,0,0,18.01
0.01.32,S101,9.33,-0.66,0.785,0.979,10,0,0,0,24.41
0.01.33,S101,4.94,-1.52,0.431,0.813,13,0,0,0,30.7
0.01.34,S101,22.83,1.94,0.989,0.727,16,1,0,0,28.02
0.01.35,S101,4.27,4.29,0.339,0.436,4,1,0,0,29.01
0.01.36,S101,12.59,-0.6,0.523,0.139,17,0,0,0,36.12
0.01.37,S101,5.04,3.93,0.616,0.509,10,0,0,0,33.4
0.01.38,S101,-5.78,1.97,0.332,0.621,15,0,0,0,36.17
0.01.39,S101,1.78,-4.66,0.373,0.188,15,1,0,0,34.76
0.01.40,S101,7.72,-0.12,0.807,0.986,12,0,0,0,43.1
0.01.41,S101,10.51,3.01,0.306,0.175,14,1,0,0,27.7
0.01.42,S101,-1.96,0.33,0.535,0.912,12,0,0,0,36.38
0.01.43,S101,8.94,3.86,0.774,0.852,11,0,0,0,43.95
0.01.44,S101,11.54,6.86,0.747,0.744,0,0,0,0,21.2
0.01.45,S101,-5.53,6.37,0.738,0.788,15,0,0,0,36.36
0.01.46,S101,13.84,-0.53,0.332,0.655,16,1,0,0,22.63
0.01.47,S101,4.96,-0.11,0.91,0.972,18,0,1,0,38.66
0.01.48,S101,-6.05,-0.97,0.116,0.645,18,0,0,0,29.87
0.01.49,S101,3.47,1.57,0.305,0.216,21,0,0,0,39.88
0.01.50,S101,14.51,2.07,0.957,0.965,8,0,0,0,27.32
0.01.51,S101,4.03,6,0.574,0.397,9,0,0,0,42.17
0.01.52,S101,0.81,4.46,0.714,0.337,18,0,0,0,21.89
0.01.53,S101,9.17,-0.54,0.999,0.423,14,0,0,0,31.4
0.01.54,S101,2.87,1.86,0.847,0.353,12,0,0,0,29.91
0.01.55,S101,-6.76,6.1,0.211,0.421,13,0,0,0,37.85
0.01.56,S101,11.49,-1.1,0.259,0.749,9,0,0,0,36.71
0.01.57,S101,6.36,1.28,0.12,0.707,11,0,0,0,23.88
0.01.58,S101,13.53,1.42,0.294,0.31,15,0,0,0,36.28
0.01.59,S101,3.1,4.21,0.416,0.345,15,0,0,0,39.6
0.02.00,S101,-1.72,7.56,0.56,0.364,19,0,1,0,22.08
0.02.01,S101,-3.41,0.82,0.935,0.283,12,0,0,0,32.19
0.02.02,S101,-3.81,1.07,0.315,0.5,13,0,0,0,34.08
0.02.03,S101,10.3,-0.09,0.562,0.405,14,0,0,0,19.48
0.02.04,S101,-0.12,2.99,0.377,0.902,8,0,0,0,26.28
0.02.05,S101,11.74,2.57,0.267,0.026,18,0,0,0,17.83
0.02.06,S101,5.59,-0.52,0.898,0.934,19,0,0,0,25.25
0.02.07,S101,3.42,2.77,0.927,0.033,11,0,0,0,39.12
0.02.08,S101,7.82,1.84,0.317,0.048,10,0,1,0,35.21
0.02.09,S101,4.05,3.23,0.686,0.801,17,0,0,0,34.89
0.02.10,S101,8.11,9.97,0.463,0.679,7,0,0,0,26.35
0.02.11,S101,1.63,3.61,0.287,0.091,13,0,0,0,30.29
0.02.12,S101,6.02,-7.75,0.974,0.662,8,0,1,0,29.99
0.02.13,S101,5.89,-2.2,0.712,0.378,10,0,0,0,31.66
0.02.14,S101,-0.57,6.73,0.892,0.068,20,0,0,0,25.38
0.02.15,S101,9.42,1.66,0.272,0.551,7,0,0,0,27.58
0.02.16,S101,13.3,-2.58,0.817,0.564,10,1,0,0,33.66
0.02.17,S101,7.2,0.2,0.11,0.694,5,0,0,0,27.24
0.02.18,S101,11.87,3.41,0.039,0.086,14,0,1,0,22.01
0.02.19,S101,-5.03,3.76,0.873,0.994,19,0,0,0,30.81
0.02.20,S101,7.67,1.29,0.293,0.143,15,0,0,0,32.01
0.02.21,S101,7.25,3.84,0.62,0.225,13,1,0,0,18.13
0.02.22,S101,8.49,0.92,0.725,0.067,16,0,0,0,29.4
0.02.23,S101,4.2,0.92,0.492,0.802,7,0,0,0,18.75
0.02.24,S101,16.76,3.36,0.004,0.459,12,0,0,0,41.98
0.02.25,S101,11.22,3.46,0.675,0.463,9,0,1,0,31.25
0.02.26,S101,-5.21,2.09,0.016,0.512,12,1,0,0,35.2
0.02.27,S101,1.59,2.92,0.21,0.209,15,0,0,0,39.61
0.02.28,S101,13.94,-2.36,0.879,0.066,8,0,1,0,36.39
0.02.29,S101,0.04,3.91,0.359,0.334,16,0,0,0,47.17
0.02.30,S101,9.66,8,0.197,0.837,10,0,0,0,36.08
0.02.31,S101,7.98,2.07,0.903,0.613,15,1,0,0,23.39
0.02.32,S101,5.8,7,0.36,0.64,14,1,0,0,30.79
0.02.33,S101,11,-1.17,0.775,0.447,15,0,0,0,33.31
0.02.34,S101,6.12,5.26,0.342,0.039,14,0,0,0,24.42
0.02.35,S101,6.62,1.01,0.67,0.453,14,0,0,0,29.84
0.02.36,S101,-1.48,4.86,0.635,0.913,14,0,0,0,23.45
0.02.37,S101,12.86,-0.2,0.874,0.422,13,1,0,0,24.73
0.02.38,S101,4.45,1.68,0.316,0.669,15,0,0,0,33.94
0.02.39,S101,1.61,5,0.431,0.069,15,0,0,1,43.49
0.02.40,S101,13.95,5.36,0.323,0.342,6,0,0,0,26.86
0.02.41,S101,14.23,4.56,0.771,0.966,15,0,0,0,20.21
0.02.42,S101,21.81,1.32,0.641,0.609,19,0,0,0,40.08
0.02.43,S101,13.48,0.52,0.29,0.914,11,0,0,0,37.22
0.02.44,S101,6.31,2.66,0.027,0.797,12,0,0,0,25.54
0.02.45,S101,5.74,6.03,0.202,0.382,14,0,0,0,24.73
0.02.46,S101,5.5,3.26,0.629,0.296,13,0,0,0,35.1
0.02.47,S101,0.03,0.74,0.848,0.005,13,0,0,0,27.75
0.02.48,S101,4.99,2.75,0.466,0.122,10,0,1,0,28.69
0.02.49,S101,7.69,0.91,0.421,0.156,13,0,0,0,23.91
0.02.50,S101,9.66,0.94,0.533,0.828,12,0,0,0,23.12
0.02.51,S101,5.24,-2.16,0.639,0.104,12,0,0,0,21.04
0.02.52,S101,5.66,1.17,0.879,0.948,14,0,0,1,30.59
0.02.53,S101,12.39,5.11,0.78,0.993,16,0,0,0,31.17
0.02.54,S101,4.59,4.8,0.967,0.805,15,0,0,0,30.13
0.02.55,S101,-0.02,-1.53,0.004,0.799,16,0,0,0,24.06
0.02.56,S101,7.65,2.89,0.474,0.913,9,1,0,0,33.1
0.02.57,S101,2.04,7.98,0.042,0.713,12,0,0,0,39.36
0.02.58,S101,-2.76,6.77,0.656,0.919,10,0,0,0,36.27
0.02.59,S101,3.23,0.78,0.421,0.901,18,0,0,0,35.9
0.03.00,S101,-4.51,2.55,0.817,0.687,9,0,0,0,20.55
0.03.01,S101,1.82,2.52,0.509,0.11,11,0,0,0,25.58
0.03.02,S101,3.96,5.41,0.671,0.309,12,0,0,0,31.2
0.03.03,S101,1.81,1.81,0.538,0.903,7,1,0,0,26.03
0.03.04,S101,4.61,0.15,0.537,0.874,13,0,0,0,27.22
0.03.05,S101,-2.3,2.92,0.593,0.798,8,0,0,0,28.89
0.03.06,S101,3.14,3.25,0.765,0.82,12,0,0,0,35.97
0.03.07,S101,4.84,4.18,0.544,0.676,13,0,1,0,26.15
0.03.08,S101,7.36,-3.66,0.274,0.206,5,0,1,0,28.83
0.03.09,S101,9.32,-0.07,0.54,0.221,11,0,1,0,25.17
0.03.10,S101,1.28,-1.38,0.495,0.775,17,0,0,0,30.33
0.03.11,S101,-1.13,3.57,0.089,0.137,5,0,0,1,28.18
0.03.12,S101,-1.03,-1.21,0.471,0.336,7,0,0,0,20.44
0.03.13,S101,5.22,6.33,0.531,0.616,15,0,0,0,32.67
0.03.14,S101,7.15,1.77,0.438,0.467,15,0,0,0,34.39
0.03.15,S101,7.42,1.8,0.51,0.967,14,0,0,0,22.79
0.03.16,S101,10.83,2.17,0.054,0.08,23,0,0,0,25.11
0.03.17,S101,-0.35,3.71,0.181,0.183,12,0,0,0,29.49
0.03.18,S101,12.61,3.19,0.167,0.208,11,0,0,0,34.49
0.03.19,S101,-3.89,5.15,0.235,0.64,8,0,1,0,30.84
0.03.20,S101,5.68,1.61,0.393,0.841,9,0,0,0,24.6
0.03.21,S101,10.28,4.59,0.839,0.045,17,0,0,0,17.58
0.03.22,S101,12.12,-1.12,0.942,0.147,14,0,0,0,29.33
0.03.23,S101,2.27,5.01,0.578,0.212,13,1,0,0,40.2
0.03.24,S101,-6.05,4.51,0.395,0.768,13,0,1,0,30.93
0.03.25,S101,0.07,-5.74,0.467,0.423,13,0,0,0,28.12
0.03.26,S101,0.73,-0.75,0.62,0.457,17,0,0,0,21.22
0.03.27,S101,7.24,-0.56,0.66,0.203,17,0,1,0,38.78
0.03.28,S101,-1.68,0.68,0.689,0.256,17,0,0,0,42.6
0.03.29,S101,2.94,2.33,0.322,0.149,16,0,1,0,14.92
0.03.30,S101,4.38,0.28,0.028,0.575,19,1,0,0,34.71
0.03.31,S101,4.75,4.84,0.043,0.346,19,0,0,0,38.35
0.03.32,S101,3.7,-0.23,0.023,0.675,17,0,0,0,25.28
0.03.33,S101,7.5,1.12,0.891,0.671,5,0,0,0,32.55
0.03.34,S101,-1.48,2.35,0.351,0.843,5,0,0,0,33.43
0.03.35,S101,11.58,-1.45,0.53,0.625,11,1,0,0,33.18
0.03.36,S101,12.57,2.36,0.914,0.04,9,1,1,0,30.33
0.03.37,S101,8.8,1.74,0.441,0.06,12,1,0,0,36.48
0.03.38,S101,-4.77,1.57,0.507,0.792,7,0,0,0,31.07
0.03.39,S101,2.36,-1.79,0.649,0.376,11,0,0,0,41.94
0.03.40,S101,8.59,-3.7,0.594,0.825,15,0,0,0,26.57
0.03.41,S101,-0.8,1.41,0.605,0.715,10,0,0,0,36.5
0.03.42,S101,8.9,8.38,0.397,0.147,18,0,0,0,20
0.03.43,S101,13.65,1.94,0.34,0.392,4,0,0,0,25.39
0.03.44,S101,0.27,5.94,0.481,0.422,11,0,0,0,16.91
0.03.45,S101,9.41,3.35,0.432,0.868,20,0,0,0,31.79
0.03.46,S101,3.47,0.5,0.734,0.647,12,0,0,0,34.34
0.03.47,S101,-1.97,1.22,0.618,0.051,16,0,0,0,33.8
0.03.48,S101,-1.42,-3.72,0.378,0.48,13,0,0,0,38.23
0.03.49,S101,1.19,4.54,0.831,0.513,15,0,0,0,12.15
0.03.50,S101,6.73,6.53,0.64,0.782,20,0,0,0,24.55
0.03.51,S101,-8.51,6.94,0.462,0.616,15,1,0,0,25.02
0.03.52,S101,4.63,3.48,0.644,0.684,16,0,0,0,28.5
0.03.53,S101,12.67,2.5,0.706,0.693,15,0,0,0,36.09
0.03.54,S101,6.33,5.94,0.616,0.942,11,0,0,0,31.34
0.03.55,S101,18.5,4.73,0.303,0.38,15,0,0,0,34.83
0.03.56,S101,-1.5,6.03,0.082,0.854,17,0,1,0,27.69
0.03.57,S101,7.12,2.16,0.529,0.618,12,0,0,0,29.8
0.03.58,S101,16.77,4.83,0.078,0.524,12,0,0,0,30.63
0.03.59,S101,9.28,1.36,0.046,0.009,14,0,0,0,42.17
0.04.00,S101,8.43,5.9,0.53,0.43,16,0,0,0,30.15
0.04.01,S101,1.75,-2.1,0.697,0.128,12,1,0,0,33.82
0.04.02,S101,3,4.72,0.313,0.153,18,0,0,0,26.06
0.04.03,S101,2.72,-0.95,0.079,0.973,9,0,0,0,40.2
0.04.04,S101,9.75,4.26,0.535,0.276,13,0,0,0,38.09
0.04.05,S101,10.45,2.78,0.764,0.097,21,0,0,0,13.65
0.04.06,S101,1.34,0.3,0.525,0.854,12,1,0,0,33.21
0.04.07,S101,4.89,2.5,0.223,0.623,10,0,0,0,33.91
0.04.08,S101,9.55,2.05,0.262,0.151,13,0,0,0,40.92
0.04.09,S101,6.66,0.13,0.381,0.555,13,0,0,0,31.07
0.04.10,S101,10.62,-1.66,0.64,0.246,9,0,0,0,29.31
0.04.11,S101,-1.58,-1.59,0.712,0.356,22,0,1,0,33.49
0.04.12,S101,0.74,2.44,0.671,0.043,17,0,0,0,33.4
0.04.13,S101,0,0.66,0.979,0.402,14,1,0,0,35.2
0.04.14,S101,0.38,2.79,0.022,1,10,1,0,0,33.61
0.04.15,S101,-9.04,0.33,0.714,0.814,10,0,0,0,37.54
0.04.16,S101,9.54,4.92,0.458,0.688,14,0,0,0,26.37
0.04.17,S101,-5.15,3.63,0.898,0.118,19,0,0,0,42.94
0.04.18,S101,8.48,3.05,0.742,0.883,13,0,0,0,26.17
0.04.19,S101,8.94,-1.4,0.937,0.459,17,0,0,0,27.95
0.04.20,S101,2.71,-1.22,0.205,0.192,17,0,0,0,17.81
0.04.21,S101,-3.3,3.3,0.187,0.023,10,0,0,0,31.31
0.04.22,S101,1.47,0.34,0.39,0.02,10,0,0,0,32.58
0.04.23,S101,-3.7,6.37,0.289,0.123,10,0,0,0,30.19
0.04.24,S101,8.32,-3.41,0.419,0.632,9,0,0,0,21.55
0.04.25,S101,3.51,0.68,0.167,0.237,15,0,0,0,18.4
0.04.26,S101,8.09,6.58,0.106,0.96,10,1,0,0,32.21
0.04.27,S101,5.58,1.66,0.819,0.324,16,0,0,0,23.57
0.04.28,S101,4.23,4.63,0.16,0.546,10,0,0,0,11.43
0.04.29,S101,6.06,-2.56,0.219,0.597,13,0,0,0,47.2
0.04.30,S101,13.96,6.39,0.151,0.22,17,0,0,0,34.22
0.04.31,S101,-3.63,5.12,0.484,0.282,17,0,1,0,15.5
0.04.32,S101,17.71,2.37,0.58,0.122,15,1,0,0,36.58
0.04.33,S101,6.85,3.75,0.673,0.307,8,1,0,0,19.12
0.04.34,S101,8.22,0.79,0.305,0.103,14,0,0,0,35.16
0.04.35,S101,12.17,4.15,0.145,0.625,10,0,0,0,28.72
0.04.36,S101,3.26,4.55,0.847,0.943,11,0,1,0,31.95
0.04.37,S101,4,4.07,0.328,0.836,10,0,0,0,29.04
0.04.38,S101,13.54,2.09,0.463,0.327,9,1,1,0,28.7
0.04.39,S101,6.34,1.54,0.612,0.839,12,0,0,0,33.5
0.04.40,S101,-1.85,-1.53,0.064,0.717,15,0,1,0,21.52
0.04.41,S101,8.07,1.29,0.399,0.565,16,1,0,1,30.28
0.04.42,S101,6.41,-1.56,0.825,0.596,15,0,0,0,32.5
0.04.43,S101,10.2,1.26,0.74,0.211,22,0,1,0,23.01
0.04.44,S101,18.78,1.12,0.548,0.644,17,0,0,0,22.21
0.04.45,S101,4.01,2.95,0.999,0.116,11,0,1,0,24.9
0.04.46,S101,6.63,2.29,0.015,0.143,17,0,0,0,32.01
0.04.47,S101,-4.72,-0.4,0.557,0.224,13,0,0,0,21.27
0.04.48,S101,0.75,0.4,0.865,0.73,14,0,0,0,30.03
0.04.49,S101,10.51,4.88,0.713,0.441,5,1,0,0,28.79
0.04.50,S101,9.13,0.93,0.715,0.429,12,0,0,0,33.45
0.04.51,S101,12.87,-0.26,0.57,0.39,22,0,0,1,39.41
0.04.52,S101,6.61,-3.02,0.692,0.961,15,1,0,0,37.41
0.04.53,S101,2.09,7.49,0.277,0.323,20,0,0,0,30.29
0.04.54,S101,10.1,7.92,0.579,0.665,17,0,0,0,39.49
0.04.55,S101,7.29,-3.77,0.656,0.416,10,1,0,0,35
0.04.56,S101,5.54,-2.03,0.318,0.339,15,0,0,0,38.13
0.04.57,S101,1.1,1.88,0.555,0.397,16,0,0,0,35.75
0.04.58,S101,5.11,5.47,0.563,0.325,11,1,0,0,13.52
0.04.59,S101,-0.9,0.87,0.763,0.046,22,0,0,0,23.58
0.05.00,S101,-8.72,5.7,0.24,0.646,9,0,1,0,27.32
0.05.01,S101,6.33,3.54,0.006,0.874,11,0,0,0,26.61
0.05.02,S101,0.64,-0.14,0.298,0.582,13,0,0,0,46.79
0.05.03,S101,-0.84,1.06,0.275,0.9,10,1,0,0,29.19
0.05.04,S101,-3.23,2.34,0.999,0.394,9,0,0,0,24.95
0.05.05,S101,9.87,-0.37,0.368,0.078,19,0,0,0,25.87
0.05.06,S101,5.48,-6.42,0.352,0.045,18,0,0,0,29.62
0.05.07,S101,15.3,-4.7,0.232,0.224,8,0,0,0,24.73
0.05.08,S101,5.06,4.16,0.152,0.429,14,0,0,0,41.61
0.05.09,S101,-10.42,3.49,0.632,0.053,14,0,0,0,29.01
0.05.10,S101,9.19,5,0.183,0.947,13,0,0,0,17.86
0.05.11,S101,8.02,0.9,0.295,0.065,13,0,0,0,36.81
0.05.12,S101,-2.35,0.93,0.94,0.6,17,0,1,0,31.57
0.05.13,S101,-1.8,9.24,0.25,0.15,15,0,0,0,28.12
0.05.14,S101,5.06,2.46,0.118,0.717,17,0,0,1,26.81
0.05.15,S101,4.23,0.92,0.377,0.119,17,1,1,0,31.38
0.05.16,S101,3.87,6.34,0.974,0.121,15,0,0,1,18.65
0.05.17,S101,7.23,6.03,0.477,0.463,16,1,0,0,25.61
0.05.18,S101,18.38,1.43,0.761,0.25,14,0,0,0,37.95
0.05.19,S101,-4.67,2.61,0.078,0.444,18,1,0,0,27.92
0.05.20,S101,5.09,2.88,0.299,0.885,8,0,0,0,36.99
0.05.21,S101,-2.99,6.47,0.983,0.828,18,0,0,0,45.08
0.05.22,S101,-2.22,2.18,0.856,0.59,11,0,0,0,30.09
0.05.23,S101,6.83,5.42,0.496,0.255,13,0,0,0,31.59
0.05.24,S101,13.1,3.28,0.691,0.073,17,0,0,0,37.22
0.05.25,S101,4.84,2.64,0.498,0.065,12,0,0,0,37.25
0.05.26,S101,4.14,3.19,0.219,0.423,18,0,0,0,19.99
0.05.27,S101,2.97,0.7,0.613,0.462,15,0,0,0,17.13
0.05.28,S101,3.72,7.97,0.281,0.33,11,0,1,0,35.23
0.05.29,S101,8.18,-3.41,0.163,0.628,16,0,1,0,25.03
0.05.30,S101,14.47,0.17,0.616,0.936,8,1,0,0,28.91
0.05.31,S101,8.04,6.37,0.404,0.61,14,0,0,0,18.08
0.05.32,S101,7.03,7.98,0.69,0.627,10,0,0,0,34.2
0.05.33,S101,7.65,4.75,0.455,0.62,20,0,0,0,31.81
0.05.34,S101,8.52,2.87,0.649,0.294,10,1,0,0,36.88
0.05.35,S101,9.33,2.86,0.651,0.744,11,0,1,0,21.19
0.05.36,S101,0.9,4.81,0.907,0.211,17,0,0,0,30.77
0.05.37,S101,3.88,5.56,0.303,0.382,11,0,0,0,34.42
0.05.38,S101,3.27,9.11,0.947,0.569,5,0,1,0,27.25
0.05.39,S101,12.5,3.8,0.634,0.054,21,0,0,0,25.49
0.05.40,S101,-2,5.9,0.221,0.93,15,0,1,0,35.35
0.05.41,S101,2.24,-0.52,0.77,0.822,15,0,0,0,38.37
0.05.42,S101,2.67,6.78,0.342,0.537,11,0,0,0,20.68
0.05.43,S101,0.45,3.04,0.735,0.308,10,0,0,0,31.88
0.05.44,S101,1.94,3.73,0.047,0.534,17,0,0,0,36.4
0.05.45,S101,7.07,-1.59,0.518,0.452,18,0,0,0,24.38
0.05.46,S101,5.62,3.06,0.457,0.382,14,1,0,0,32.87
0.05.47,S101,7.8,2.41,0.332,0.477,14,0,0,0,30.14
0.05.48,S101,11.32,3.73,0.929,0.333,16,0,0,0,28.95
0.05.49,S101,-3.23,-0.49,0.849,0.344,13,0,0,0,28.57
0.05.50,S101,-1.66,0.06,0.405,0.944,14,0,0,0,20.98
0.05.51,S101,9.67,-2.05,0.425,0.906,8,1,1,0,27.73
0.05.52,S101,-1.76,2.21,0.652,0.649,12,0,0,0,28.94
0.05.53,S101,5.34,3.15,0.89,0.961,18,0,0,0,24.85
0.05.54,S101,8.83,0.09,0.949,0.891,15,0,0,0,40.02
0.05.55,S101,14.17,2.4,0.259,0.219,17,0,0,0,33.85
0.05.56,S101,10.34,-0.42,0.614,0.046,16,1,1,0,42.8
0.05.57,S101,5.6,0.06,0.774,0.336,15,0,0,0,32.73
0.05.58,S101,1.45,1.94,0.008,0.408,19,0,0,0,19.59
0.05.59,S101,-0.96,0.03,0.632,0.303,16,0,0,0,29.4
0.06.00,S101,12,1.26,0.951,0.713,14,0,0,0,32.1
0.06.01,S101,3.88,3.27,0.228,0.792,22,0,0,0,42.76
0.06.02,S101,2.23,7.12,0.945,0.911,22,0,0,0,35.98
0.06.03,S101,3.17,3.13,0.276,0.259,16,0,0,0,31.56
0.06.04,S101,-0.39,-3.61,0.165,0.984,10,0,0,0,26.51
0.06.05,S101,4.96,2.02,0.508,0.786,14,0,0,0,16.35
0.06.06,S101,22.16,0.37,0.64,0.468,14,0,0,0,20.88
0.06.07,S101,4.22,3.24,0.837,0.031,9,0,0,0,26.6
0.06.08,S101,0.81,-0.45,0.573,0.966,13,1,0,0,25.86
0.06.09,S101,2.62,-2.69,0.186,0.393,12,0,0,0,17.06
0.06.10,S101,0.81,3.45,0.486,0.341,12,0,0,0,33.75
0.06.11,S101,-8.94,2.58,0.532,0.018,16,0,0,0,30.55
0.06.12,S101,5.14,3.58,0.752,0.052,14,0,0,0,40.32
0.06.13,S101,1.33,8.63,0.75,0.18,11,0,0,0,39.27
0.06.14,S101,2.88,-1.01,0.778,0.109,10,0,0,0,28.21
0.06.15,S101,11.02,1.51,0.347,0.411,9,0,0,0,14.93
0.06.16,S101,2.51,5.21,0.457,0.742,11,0,0,0,21.8
0.06.17,S101,7.95,-0.09,0.822,0.574,9,0,0,0,37.19
0.06.18,S101,8.2,1.83,0.926,0.432,14,0,0,0,36.92
0.06.19,S101,2.87,6.57,0.565,0.506,17,0,0,0,17.63
0.06.20,S101,1.34,-0.51,0.086,0.52,12,0,0,0,28.02
0.06.21,S101,-5.33,-0.96,0.929,0.381,11,0,0,0,22.45
0.06.22,S101,20.17,5.69,0.09,0.291,11,0,0,0,23.51
0.06.23,S101,3.71,3.43,0.615,0.108,24,1,0,0,30.71
0.06.24,S101,14.92,1.36,0.157,0.906,6,1,1,0,33.94
0.06.25,S101,4.48,-0.74,0.07,0.679,21,1,0,1,34.72
0.06.26,S101,2.76,4.75,0.168,0.428,14,1,0,0,39.36
0.06.27,S101,-1.14,-3.21,0.285,0.65,8,1,0,0,29.69
0.06.28,S101,17.76,0.85,0.694,0.019,12,0,0,0,33.76
0.06.29,S101,7.92,0.18,0.627,0.929,10,0,0,0,28.49
0.06.30,S101,-0.57,3.88,0.619,0.209,13,0,0,0,28.8
0.06.31,S101,0.81,8.72,0.175,0.533,10,0,0,0,28.05
0.06.32,S101,-5.6,5.31,0.252,0.387,10,0,1,0,30.05
0.06.33,S101,13.53,-2.43,0.546,0.815,17,1,0,0,23.33
0.06.34,S101,-2.78,5.38,0.039,0.134,14,0,1,0,33.95
0.06.35,S101,8.05,1.5,0.322,0.603,12,0,0,0,42.56
0.06.36,S101,18.14,2.53,0.032,0.151,8,0,0,0,23.05
0.06.37,S101,10.02,1.45,0.516,0.22,15,1,0,0,31.24
0.06.38,S101,2.74,-1.42,0.435,0.002,7,0,0,1,22.39
0.06.39,S101,3.12,-2.7,0.68,0.68,12,0,1,0,28.98
0.06.40,S101,4.17,2.89,0.455,0.35,12,0,0,0,23.21
0.06.41,S101,-3.89,8.05,0.421,0.29,14,0,0,0,19.92
0.06.42,S101,8.24,5.35,0.821,0.491,6,0,0,0,29.33
0.06.43,S101,7.85,6.25,0.662,0.773,16,1,0,0,39.43
0.06.44,S101,10.66,4.61,0.632,0.742,13,0,0,0,32.66
0.06.45,S101,14.49,7.09,0.117,0.376,15,0,1,0,26.01
0.06.46,S101,7.55,1.95,0.163,0.543,19,0,0,0,18.72
0.06.47,S101,-1.61,3.31,0.839,0.636,19,0,0,1,32.44
0.06.48,S101,15.7,2.73,0.581,0.371,17,0,0,0,32.08
0.06.49,S101,0.04,1.97,0.995,0.913,12,0,0,0,40.77
0.06.50,S101,-0.99,-0.05,0.038,0.365,10,0,0,0,27.73
0.06.51,S101,-7.74,-0.7,0.156,0.67,12,0,0,0,23.52
0.06.52,S101,0.03,0.91,0.468,0.795,15,0,0,0,32.99
0.06.53,S101,-1.04,-1.75,0.973,0.504,16,0,0,0,32.91
0.06.54,S101,-0.13,5.89,0.503,0.689,10,0,1,0,37.76
0.06.55,S101,3.45,6.36,0.341,0.603,14,1,0,0,32.74
0.06.56,S101,6.26,2.59,0.714,0.343,6,0,0,0,30.28
0.06.57,S101,-1.08,2.09,0.163,0.228,15,0,0,0,28.21
0.06.58,S101,-1.28,1.05,0.41,0.991,12,0,0,0,16.59
0.06.59,S101,-1.63,-3.39,0.722,0.832,18,0,0,0,34.52
0.07.00,S101,13.63,2.25,0.155,0.05,15,0,0,0,22.71
0.07.01,S101,8.81,2.94,0.106,0.599,12,0,1,1,38.23
0.07.02,S101,3.64,3.31,0.839,0.584,13,0,0,0,28.89
0.07.03,S101,5.5,0.8,0.524,0.608,12,0,0,0,29.93
0.07.04,S101,5.88,0.29,0.383,0.218,14,0,0,0,27.52
0.07.05,S101,2.96,2.79,0.3,0.707,21,0,0,0,28
0.07.06,S101,1.31,0,0.923,0.649,20,0,1,0,34.74
0.07.07,S101,3.71,3.06,0.352,0.142,12,1,0,0,41.88
0.07.08,S101,7.44,5.82,0.275,0.865,11,0,0,0,37.36
0.07.09,S101,1.02,2.47,0.627,0.904,11,0,0,0,15.65
0.07.10,S101,3.81,-1.24,0.104,0.237,18,1,0,0,19.47
0.07.11,S101,9.56,0.15,0.526,0.307,13,0,0,0,36.47
0.07.12,S101,8.66,2.41,0.153,0.928,14,0,1,0,29.63
0.07.13,S101,2.91,-2.54,0.621,0.302,11,1,0,0,27.28
0.07.14,S101,10.44,6.6,0.191,0.837,17,0,0,0,27.3
0.07.15,S101,-0.47,8.29,0.493,0.045,12,0,0,0,31.65
0.07.16,S101,4.43,-0.78,0.824,0.536,10,0,0,0,29.95
0.07.17,S101,2.43,2.31,0.604,0.377,20,0,0,0,31.95
0.07.18,S101,-1.71,5.25,0.2,0.421,15,0,0,0,26.28
0.07.19,S101,12.18,-1.47,0.45,0.702,12,0,0,0,28.06
0.07.20,S101,-0.92,-0.01,0.883,0.022,15,1,0,0,39.76
0.07.21,S101,-1.33,6.49,0.383,0.91,11,0,0,0,37.71
0.07.22,S101,6.46,-1.51,0.79,0.921,9,0,0,0,24.56
0.07.23,S101,7.78,-5.14,0.719,0.865,10,0,0,0,28.07
0.07.24,S101,10.55,-3.9,0.778,0.252,15,1,0,0,23.89
0.07.25,S101,3.45,4.46,0.793,0.134,11,0,0,0,43.12
0.07.26,S101,10.39,7.48,0.075,0.787,11,0,0,0,43.02
0.07.27,S101,14.52,2.67,0.694,0.941,13,1,0,0,17.4
0.07.28,S101,-2.02,4.41,0.879,0.638,19,0,0,0,30.87
0.07.29,S101,11.04,3.29,0.864,0.164,17,0,0,0,26.66
0.07.30,S101,12.81,1.27,0.045,0.834,14,0,1,1,40.33
0.07.31,S101,7.07,-2.02,0.158,0.573,4,0,0,0,22.4
0.07.32,S101,1.52,4.84,0.278,0.979,11,0,0,0,26.02
0.07.33,S101,1.91,-0.86,0.312,0.162,16,0,0,0,38.18
0.07.34,S101,9.25,2.02,0.257,0.479,11,0,0,0,35.06
0.07.35,S101,1.91,6.59,0.66,0.465,15,0,0,0,34.72
0.07.36,S101,2.66,1.65,0.822,0.825,11,1,0,0,39.49
0.07.37,S101,1.87,0.14,0.695,0.51,8,1,0,0,25.69
0.07.38,S101,9,0.61,0.523,0.17,15,0,0,0,24.72
0.07.39,S101,7.69,5.83,0.628,0.295,21,1,1,0,43.71
0.07.40,S101,9.57,2.11,0.419,0.423,12,0,0,0,32.99
0.07.41,S101,9.55,2.7,0.601,0.28,24,0,1,0,41.96
0.07.42,S101,1.75,-0.03,0.393,0.392,18,1,0,0,36.69
0.07.43,S101,0.69,-0.54,0.619,0.992,13,0,0,0,30.46
0.07.44,S101,1.53,4.2,0.138,0.885,11,0,0,0,29.23
0.07.45,S101,6.79,3.51,0.665,0.562,19,0,0,0,31.76
0.07.46,S101,2.46,10.37,0.598,0.719,15,0,0,0,34.96
0.07.47,S101,0.97,-1.81,0.562,0.629,14,0,0,0,36.17
0.07.48,S101,12.92,4.81,0.659,0.703,8,0,0,0,25.52
0.07.49,S101,5.44,-2.63,0.403,0.947,6,0,0,0,20.18
0.07.50,S101,10.75,4.83,0.891,0.942,13,0,0,0,28.82
0.07.51,S101,4.18,-1.71,0.957,0.293,6,0,0,0,22.88
0.07.52,S101,14.47,-2.27,0.134,0.747,12,0,0,0,37.83
0.07.53,S101,-2,2.65,0.863,0.406,7,0,1,0,24.01
0.07.54,S101,9.78,1.39,0.752,0.838,20,0,0,0,27.08
0.07.55,S101,-4.68,1.81,0.359,0.063,9,0,0,0,28.8
0.07.56,S101,-2.39,4.34,0.819,0.695,12,0,0,0,37.25
0.07.57,S101,11.97,6.42,0.278,0.266,14,0,0,0,31.05
0.07.58,S101,9.65,1.37,0.406,0.211,15,0,0,0,30.97
0.07.59,S101,1.36,1.88,0.225,0.651,18,0,0,0,31.06
0.08.00,S101,5.72,1.19,0.44,0,15,0,0,0,40.71
0.08.01,S101,4.83,-4.78,0.307,0.154,1,0,0,0,35.58
0.08.02,S101,8.71,3.59,0.631,0.834,14,0,0,0,37.72
0.08.03,S101,7.79,-5.48,0.28,0.248,14,0,0,0,33.03
0.08.04,S101,13.63,3.66,0.985,0.319,11,0,0,0,39.93
0.08.05,S101,19.58,2.47,0.485,0.045,9,0,0,0,27.22
0.08.06,S101,11.46,0.28,0.3,0.799,17,1,0,0,23.48
0.08.07,S101,12.61,5.83,0.643,0.04,15,0,0,0,44.38
0.08.08,S101,-10.9,-1.18,0.965,0.437,15,0,0,0,33.19
0.08.09,S101,4.77,8.59,0.944,0.835,12,0,0,0,24.74
0.08.10,S101,1.61,2.38,0.187,0.249,13,1,0,0,28.9
0.08.11,S101,-1.73,-0.28,0.879,0.388,14,0,0,0,37.51
0.08.12,S101,2.05,2.08,0.788,0.819,16,1,0,0,14.84
0.08.13,S101,-2.04,8.52,0.029,0.927,14,0,0,0,32.41
0.08.14,S101,8.04,-1.1,0.406,0.516,10,0,1,0,22.93
0.08.15,S101,8.35,-2.18,0.252,0.041,17,1,0,0,18.47
0.08.16,S101,-4.98,5.74,0.364,0.616,19,0,1,0,31.37
0.08.17,S101,12.65,3.71,0.604,0.005,11,0,0,0,35.8
0.08.18,S101,2.23,-0.08,0.558,0.395,22,0,0,0,35.45
0.08.19,S101,7.58,-4.67,0.771,0.092,10,0,0,0,28.9
