Student_ID,Avg_Head_Yaw_Degree,Avg_Head_Pitch_Degree,Avg_Gaze_Stability,Avg_Blink_Rate,Normal_Noise_Level_dB,Avg_Hand_Movement_Frequency,Personalized_Risk_Threshold
S100,3.26,4.15,0.918,13.09,30.08,0.092,0.74
S101,7.12,3.02,0.885,13.07,32.31,0.081,0.74
S102,4.65,0.98,0.824,10.95,30.57,0.082,0.82
S103,5.9,0.91,0.913,15.56,30.31,0.048,0.78
S104,6.57,4.04,0.896,11.22,29.75,0.086,0.76
S105,6.77,0.35,0.965,11.21,35.75,0.041,0.66
S106,5.76,1.29,0.905,12.5,26.86,0.044,0.67
S107,5.66,2.7,0.939,11.7,36.21,0.067,0.7
S108,2.49,2.32,0.974,13.2,27.67,0.036,0.81
S109,5.91,0.55,0.835,11.13,32.69,0.026,0.67
S110,3.71,2.13,0.902,13.26,32.29,0.052,0.81
S111,4.02,4.03,0.963,13.43,30.01,0.063,0.82
S112,5.82,1.13,0.962,14.75,30.23,0.034,0.75
S113,8.18,0.45,0.87,14.53,31.85,0.092,0.84
S114,6.98,1.36,0.92,13.55,29.21,0.028,0.77
S115,4.86,2.13,0.924,14.68,27.52,0.07,0.85
S116,4.62,1.6,0.947,13.46,34.54,0.088,0.8
S117,3.57,3.03,0.937,16.73,28.8,0.063,0.66
S118,5.11,3.17,0.933,12.53,30.25,0.084,0.71
S119,0.36,3.38,0.933,12.87,29.21,0.084,0.84
S120,4.75,2.96,0.881,14,31.16,0.047,0.76
S121,3.71,1.77,0.911,12.47,32.95,0.087,0.69
S122,4.66,1.47,0.946,16.57,27.19,0.069,0.81
S123,1.98,2.06,0.86,15.25,20.85,0.096,0.83
S124,4.17,3.04,0.876,15.39,38.77,0.044,0.66
S125,7.99,1.14,0.909,15.06,25.3,0.022,0.68
S126,5.38,2.33,0.859,15.44,31.01,0.081,0.78
S127,2.76,3.04,0.893,12.59,26.26,0.029,0.81
S128,4.09,3.15,0.902,15,29.81,0.079,0.7
S129,5.26,2.64,0.847,11.85,22.72,0.035,0.79
S130,0.43,0.92,0.858,12.12,38.1,0.071,0.73
S131,9.72,1.77,0.846,14.75,29.2,0.049,0.84
S132,5.52,1.92,0.937,13.9,29.47,0.089,0.8
S133,5.51,0.12,0.834,14.51,33.28,0.037,0.71
S134,6.56,1.11,0.859,12.85,27.21,0.031,0.73
S135,6.12,3.43,0.935,12.51,23.17,0.044,0.73
S136,7.88,1.56,0.967,13.28,35.39,0.082,0.81
S137,8.4,0.52,0.86,14.12,21.82,0.059,0.84
S138,3.37,2.49,0.963,13.32,30.94,0.027,0.77
S139,1.12,3.19,0.874,15.66,24.09,0.034,0.75
S140,1.61,0.24,0.956,13.36,31.57,0.026,0.83
S141,9.4,1.82,0.902,10.8,32.42,0.061,0.76
S142,2.85,1.12,0.912,14.86,29.35,0.061,0.67
S143,8.01,1.19,0.895,16.33,27.75,0.042,0.76
S144,2.87,1.02,0.941,14.92,26.87,0.023,0.7
S145,7.59,2.24,0.882,15.7,29.91,0.078,0.78
S146,7.57,1.91,0.923,12.32,28.31,0.027,0.83
S147,5.47,3.39,0.916,14.67,26.22,0.065,0.69
S148,3.73,0.95,0.86,15.16,28.84,0.072,0.72
S149,7.3,3.51,0.945,13.9,28.25,0.094,0.76
S150,3.9,2.03,0.898,11.51,41.08,0.098,0.78
S151,8.12,2.11,0.892,14.22,28.62,0.068,0.73
S152,3.83,1.18,0.913,16.74,27.95,0.04,0.84
S153,7.77,2.43,0.958,13.01,32.76,0.1,0.68
S154,3.62,3.39,0.868,18.27,37.62,0.065,0.73
S155,3.52,1.12,0.873,13.64,26.68,0.033,0.79
S156,6.41,3.13,0.88,14.74,29.35,0.089,0.81
S157,5.04,1.31,0.85,11.97,27.22,0.059,0.79
S158,6.28,1.54,0.944,9.66,34.89,0.085,0.74
S159,10.58,2.26,0.896,15.82,32.92,0.038,0.84
S160,3.16,1.96,0.835,15.21,32.61,0.092,0.76
S161,4.3,1.9,0.931,8.25,26.69,0.06,0.74
S162,5.27,1.99,0.84,13.54,30.46,0.061,0.81
S163,2.9,4.03,0.928,13.18,34.43,0.068,0.71
S164,1.69,2.16,0.882,15.77,36.37,0.071,0.73
S165,3.16,0.91,0.918,15.4,28.87,0.025,0.82
S166,6.48,0.78,0.857,12.07,32.28,0.035,0.8
S167,3.58,1.71,0.919,15.95,34.13,0.084,0.83
S168,3.6,3.9,0.835,13.92,31.15,0.029,0.75
S169,5.97,4.57,0.974,14.21,34.53,0.038,0.67
S170,2.98,2.95,0.958,14.91,22.26,0.061,0.84
S171,6.84,0.78,0.862,15.72,32.51,0.083,0.81
S172,8.86,1.07,0.868,10.48,30.29,0.034,0.69
S173,5.57,0.81,0.968,12.18,33.28,0.072,0.66
S174,5.89,1.09,0.856,11.26,38.71,0.047,0.82
S175,3.58,-0.39,0.903,15.1,33.11,0.047,0.83
S176,5.57,2.57,0.914,18.5,23.58,0.028,0.8
S177,5.97,1.38,0.86,11.78,26.01,0.069,0.76
S178,2.46,3.86,0.913,12.34,32.92,0.077,0.73
S179,3.08,2.41,0.928,15.45,33.11,0.035,0.78
S180,3.38,2.73,0.959,16.32,36.95,0.044,0.73
S181,5.42,0.2,0.915,15.05,33.66,0.083,0.76
S182,3.95,1.5,0.964,14.63,26.27,0.099,0.68
S183,5.39,0.78,0.91,11.09,39.08,0.024,0.74
S184,4.02,0.36,0.922,13.34,28.71,0.06,0.78
S185,7.19,2.58,0.973,13.85,31.16,0.059,0.82
S186,4.64,2.06,0.951,17.48,27.34,0.067,0.73
S187,2.97,0.45,0.976,13.77,32.98,0.052,0.71
S188,8.26,3.31,0.909,13.78,36.19,0.032,0.7
S189,9.14,2.62,0.86,13.57,35.83,0.052,0.84
S190,6.54,1.36,0.961,11.86,30.26,0.052,0.69
S191,5.93,2.56,0.928,18.05,30.01,0.07,0.68
S192,4.95,2.16,0.972,12.33,33.11,0.081,0.77
S193,5.89,1.39,0.872,12.13,29.08,0.095,0.73
S194,2.86,1.27,0.939,14.66,34.14,0.094,0.79
S195,2.7,2.71,0.888,12.21,35.48,0.022,0.8
S196,6.17,2.32,0.848,14.83,31.57,0.027,0.85
S197,2.63,0.5,0.854,16.84,27.91,0.066,0.75
S198,8.64,2.76,0.86,11.6,29.85,0.05,0.73
S199,3.43,0.74,0.901,13.28,35.57,0.045,0.8
S200,6.1,1.46,0.944,13,41.98,0.055,0.81
S201,2.52,2.84,0.97,14.57,33.28,0.088,0.84
S202,4.96,1.84,0.837,15.57,27.7,0.042,0.71
S203,5.84,2.89,0.95,11.97,27.27,0.085,0.75
S204,4.14,3.91,0.87,14.08,30.24,0.043,0.77
S205,3.74,1.28,0.884,12.88,33.79,0.031,0.85
S206,4.46,2.62,0.909,14.64,24.9,0.046,0.8
S207,7.61,2.87,0.938,12.04,30.63,0.084,0.85
S208,7.02,3.25,0.849,13.74,32.63,0.044,0.82
S209,7.21,2.13,0.872,15.44,33.25,0.049,0.69
S210,7.08,1.1,0.891,13.9,30.41,0.039,0.81
S211,8.04,0.47,0.911,15.42,24.31,0.052,0.76
S212,6.62,2.74,0.952,13.64,36.07,0.062,0.72
S213,0.44,3.02,0.901,15.68,35.8,0.073,0.69
S214,6.29,2.99,0.852,11.81,30.76,0.067,0.68
S215,5.9,2.66,0.87,12.12,28.39,0.04,0.68
S216,4.56,0.96,0.923,17.34,29.37,0.061,0.73
S217,2.05,2.95,0.863,14.14,28.9,0.024,0.83
S218,3.64,0.09,0.855,17.26,30.87,0.055,0.78
S219,4.33,2.78,0.867,16.77,31.68,0.033,0.75
S220,6.75,0.94,0.888,14.57,24.92,0.033,0.75
S221,6.44,0.88,0.869,11.85,23.9,0.087,0.68
S222,2.68,0.58,0.938,15.32,29.04,0.092,0.8
S223,6.22,0.14,0.949,12.69,30.63,0.09,0.71
S224,1.16,2.91,0.827,12.8,24.61,0.079,0.79
S225,4.15,0.65,0.894,12.14,31.24,0.076,0.67
S226,4.97,2.32,0.864,13.47,34.35,0.051,0.8
S227,6.49,3.51,0.882,13.65,28.08,0.07,0.8
S228,4.48,0.86,0.85,12.68,33.93,0.098,0.65
S229,6.12,2.64,0.831,11.05,26.62,0.072,0.82
S230,5.59,0.87,0.922,13.75,31.88,0.097,0.67
S231,5.98,1.45,0.974,11.29,25.65,0.039,0.83
S232,6.33,1.03,0.938,15.04,29.21,0.081,0.71
S233,4.43,1.27,0.977,12.51,25.09,0.063,0.85
S234,6.76,2.63,0.974,10.35,29.73,0.084,0.73
S235,8.11,2.1,0.877,11.49,32.23,0.049,0.85
S236,4.68,0.61,0.938,14.03,35.39,0.028,0.67
S237,0.48,0.7,0.95,14.76,26.88,0.066,0.68
S238,6.32,3.36,0.895,14.57,28.33,0.075,0.75
S239,5.04,0.41,0.871,11.58,22.91,0.026,0.66
S240,5.96,3.48,0.969,15.84,32.34,0.084,0.84
S241,3.41,1.21,0.828,16.13,26.42,0.048,0.78
S242,4.07,2.05,0.884,15.71,26.5,0.044,0.79
S243,5.11,2.22,0.976,15.6,29.49,0.09,0.75
S244,4.65,1.52,0.841,14.26,34.86,0.032,0.82
S245,4.89,2.57,0.827,15.26,26.32,0.029,0.74
S246,4.01,1.76,0.875,16.84,34.6,0.062,0.75
S247,4.74,1.12,0.833,14.32,32.96,0.035,0.76
S248,6.37,1.21,0.914,13.55,30.18,0.066,0.72
S249,6.08,1.67,0.919,12.59,33.6,0.071,0.83
S250,2.47,3.59,0.95,11.38,29.86,0.076,0.72
S251,5.43,2.02,0.979,17.5,25.46,0.081,0.79
S252,3.54,1.39,0.825,14.66,30.04,0.063,0.78
S253,5.75,0.77,0.915,17.44,29.42,0.078,0.68
S254,7.38,1.96,0.953,15.66,25.39,0.062,0.81
S255,6.64,1.46,0.929,15.4,34.14,0.076,0.83
S256,3.68,-0.2,0.845,17.43,26.87,0.046,0.72
S257,5.19,2.52,0.918,14.11,23.63,0.02,0.82
S258,5.77,2.78,0.85,13.15,26.4,0.023,0.77
S259,5.91,2.53,0.967,11.8,31.55,0.087,0.8
S260,3.29,3.83,0.975,12.38,34.48,0.081,0.66
S261,6.06,2.41,0.925,11.62,31.07,0.056,0.68
S262,5.64,1.7,0.908,13.55,30.65,0.098,0.81
S263,3.09,2.56,0.842,10.95,39.11,0.069,0.73
S264,5.72,2.83,0.945,10.74,26.42,0.092,0.65
S265,4.11,1.92,0.95,10.11,27.81,0.074,0.71
S266,3.2,2.27,0.877,12.67,28.9,0.031,0.77
S267,4.2,1.89,0.923,13.51,25.43,0.062,0.82
S268,3.1,3.38,0.855,10.08,27.55,0.023,0.72
S269,3.56,3.29,0.968,12.85,37.13,0.093,0.72
S270,7.96,1.78,0.834,17.01,29.44,0.073,0.69
S271,2.41,1.23,0.933,16.65,31.39,0.092,0.75
S272,6.56,1.91,0.939,14.3,25.95,0.029,0.76
S273,5.93,0.35,0.933,13.01,29.32,0.048,0.76
S274,8.05,2.78,0.942,11.96,34.77,0.088,0.84
S275,9,2.9,0.974,13.7,27.8,0.095,0.67
S276,4.71,0.98,0.887,13.82,37.38,0.028,0.67
S277,5.63,2.86,0.852,15.78,31.62,0.02,0.67
S278,5.13,1.79,0.841,15.02,35.81,0.037,0.79
S279,2.79,3.89,0.833,14.22,33.91,0.077,0.73
S280,4.13,4.36,0.894,13.89,33.11,0.046,0.73
S281,10.54,1.79,0.837,12.23,32.02,0.056,0.84
S282,5.85,0.49,0.952,9.21,31.61,0.09,0.78
S283,1.89,3.29,0.898,15.3,35.1,0.051,0.8
S284,6.27,3.78,0.952,12.67,27.34,0.028,0.81
S285,7.11,2.79,0.924,15.82,31.87,0.092,0.66
S286,6.42,2.04,0.967,13.36,24.62,0.05,0.82
S287,2.08,3.13,0.955,13.63,36.53,0.1,0.69
S288,5.53,0.87,0.864,12.47,33.26,0.03,0.77
S289,1.74,3.1,0.932,16.53,32.14,0.06,0.76
S290,4.51,1.3,0.964,14.22,27.87,0.066,0.8
S291,-0.57,1.81,0.903,11.65,29.98,0.078,0.82
S292,1.32,3.3,0.939,12.96,31.87,0.074,0.84
S293,5.66,3.27,0.828,10.95,21.05,0.029,0.79
S294,7.2,1.85,0.92,13.95,32.04,0.043,0.65
S295,4.77,1.36,0.938,11.22,28.45,0.058,0.81
S296,6.37,2.14,0.909,10.96,35.48,0.034,0.65
S297,8.77,1.11,0.865,18.05,33.11,0.082,0.83
S298,2.97,3.21,0.97,18.22,32.69,0.068,0.71
S299,6.26,1.33,0.894,13.93,34.75,0.071,0.81
S300,7.51,0.99,0.909,16.37,33.55,0.045,0.7
S301,5.36,2.88,0.83,12.93,39.21,0.05,0.79
S302,5.81,2.36,0.95,12.79,32.19,0.089,0.75
S303,5.99,1.4,0.888,15.12,35.78,0.045,0.77
S304,4.12,1.46,0.873,15.45,36.54,0.077,0.79
S305,7.52,1.78,0.966,13.79,29.91,0.067,0.75
S306,2.44,1.1,0.861,16.58,34.14,0.099,0.69
S307,4.19,2.18,0.843,16.92,32.63,0.031,0.83
S308,5.27,1.8,0.895,15.95,29.17,0.039,0.78
S309,6.88,0.36,0.939,13.96,34.08,0.095,0.85
S310,2.79,1.58,0.827,17.42,32.88,0.036,0.7
S311,6.87,3.43,0.935,16.65,40.8,0.062,0.69
S312,4.76,1.07,0.903,13.1,33.35,0.035,0.66
S313,7.02,1.41,0.928,14.48,34,0.053,0.71
S314,9.33,1.6,0.929,14.45,35.5,0.097,0.73
S315,6.9,1.89,0.87,9.2,32.1,0.036,0.78
S316,5.67,0.62,0.848,13.1,30.92,0.028,0.68
S317,5.7,1.22,0.823,14.39,30.51,0.099,0.78
S318,6.29,1.81,0.824,15.25,24.23,0.026,0.73
S319,6.22,2.62,0.959,16.21,28.69,0.095,0.74
S320,3.31,2.5,0.901,14.85,36.94,0.073,0.71
S321,5.5,2.24,0.872,11.88,32.99,0.086,0.79
S322,6.12,2.25,0.966,13.7,29.38,0.054,0.8
S323,3.1,1.03,0.968,17.66,35.36,0.024,0.67
S324,4.78,0.08,0.906,16.93,36.19,0.071,0.82
S325,2.22,0.59,0.908,13.36,31.01,0.071,0.85
S326,-0.28,2.35,0.921,13.8,39.86,0.026,0.7
S327,4.6,2.47,0.932,15.4,31.12,0.044,0.79
S328,4.35,1.02,0.874,12.11,29.18,0.045,0.84
S329,8.05,3.67,0.939,14.2,31.33,0.084,0.66
S330,2.14,3.64,0.823,16.05,31.29,0.068,0.85
S331,6.19,1.14,0.949,11.98,32.27,0.029,0.84
S332,5.38,2.09,0.928,16.73,30.31,0.024,0.79
S333,7.14,3.08,0.959,13.87,34.28,0.05,0.77
S334,4.15,3.49,0.919,12.93,25.57,0.059,0.67
S335,6.21,2.23,0.916,10.68,30.83,0.079,0.78
S336,3.02,1.52,0.857,14.75,29.47,0.029,0.76
S337,5.9,2.58,0.887,14.67,32,0.037,0.68
S338,5.29,2.51,0.945,11.46,22.07,0.085,0.83
S339,4.02,3.72,0.901,9.34,31.87,0.028,0.75
S340,7.28,2.77,0.939,13.15,30.53,0.025,0.69
S341,5.27,2.5,0.977,11.01,23.67,0.077,0.81
S342,6.41,1.96,0.893,10.1,31.59,0.022,0.72
S343,8.12,2.54,0.853,13.95,30.05,0.081,0.72
S344,7.64,-0.16,0.891,13.36,35.68,0.04,0.71
S345,7.15,2.27,0.874,12.24,30.89,0.06,0.84
S346,4.59,2.65,0.854,11.92,32.27,0.099,0.66
S347,5.7,0.4,0.978,14.61,34.58,0.033,0.75
S348,6.11,0.95,0.892,14.31,32.66,0.073,0.8
S349,6.71,0.12,0.977,16.4,28.35,0.05,0.82
S350,6.16,2.53,0.934,13.65,33.37,0.076,0.76
S351,3.9,2.82,0.881,10.01,30.63,0.075,0.8
S352,4.52,0.58,0.82,12.59,28.34,0.033,0.84
S353,4.61,1.7,0.883,12.03,31.21,0.057,0.76
S354,4.25,1,0.87,13.65,24.66,0.078,0.72
S355,6.54,2.55,0.893,11.26,27.82,0.079,0.85
S356,1.44,1.03,0.911,11.22,24.69,0.028,0.82
S357,3.78,1.11,0.92,11.47,29.85,0.03,0.72
S358,4.38,2.42,0.841,13.35,24.74,0.065,0.83
S359,7.52,4.33,0.919,15.26,31.37,0.059,0.81
S360,3.03,1.19,0.907,13.1,34.14,0.085,0.78
S361,6.04,1.32,0.84,13.22,33.34,0.078,0.77
S362,5.24,1.7,0.853,16.78,24.79,0.068,0.67
S363,3.68,2.59,0.905,16.59,24.45,0.055,0.8
S364,9.15,2.19,0.926,13.72,27.54,0.095,0.68
S365,6.43,1.36,0.847,12.3,29.62,0.069,0.81
S366,4,1.54,0.926,15.36,23.98,0.097,0.8
S367,7.36,1.45,0.87,14.01,27.31,0.052,0.74
S368,5.08,0.9,0.953,16.68,27.33,0.099,0.67
S369,2.63,3,0.882,14.61,28.28,0.098,0.74
S370,-0.92,1.63,0.95,12.64,21.45,0.071,0.67
S371,6.3,2.51,0.858,12.68,24.17,0.043,0.71
S372,5.83,1.38,0.938,15.73,27.84,0.04,0.7
S373,3.24,2.11,0.906,13.16,26.74,0.066,0.74
S374,2.03,3.07,0.923,12.32,29.28,0.025,0.66
S375,3.51,3.48,0.893,17.6,28.1,0.037,0.72
S376,3.97,2.97,0.978,11.73,30.42,0.06,0.78
S377,5.92,1.1,0.931,11.4,23.78,0.089,0.79
S378,5.56,0.54,0.882,14.88,29.13,0.051,0.65
S379,4.18,1.97,0.939,13.04,23.67,0.078,0.77
S380,1.51,2.5,0.938,14.67,32.19,0.088,0.7
S381,2.53,3.71,0.84,13.34,33.89,0.09,0.73
S382,8.19,1.92,0.857,14.29,26.54,0.063,0.67
S383,4.11,2.8,0.934,13.89,29.52,0.042,0.65
S384,7.48,2.28,0.879,12.83,31.8,0.074,0.81
S385,6.81,0.78,0.885,15.51,28.61,0.063,0.71
S386,1.69,2.65,0.899,13.41,30.42,0.032,0.68
S387,6.55,1.87,0.945,14.21,26.74,0.091,0.74
S388,2.91,2.87,0.894,14.94,36.23,0.08,0.83
S389,3.13,0.63,0.864,12.65,29.61,0.032,0.75
S390,6.59,2.82,0.929,13.92,28.78,0.067,0.67
S391,3.92,1.88,0.958,16.03,33,0.089,0.7
S392,1.91,1.49,0.903,13.84,32.34,0.035,0.71
S393,2.68,3.58,0.932,14.93,23.46,0.064,0.67
S394,4.19,2.82,0.954,13.64,34.32,0.059,0.81
S395,6.33,2.8,0.845,14.87,29.1,0.092,0.76
S396,2.02,1.86,0.916,12.93,22.72,0.063,0.83
S397,5.07,0.84,0.937,14.05,28.96,0.066,0.77
S398,8.27,0.72,0.84,15.83,26.02,0.033,0.66
S399,2.35,1.67,0.893,16.68,31.7,0.038,0.83
S400,3.94,0.61,0.848,13.66,33.27,0.06,0.67
S401,4.03,1.53,0.894,13.86,30.01,0.033,0.77
S402,3.09,1.96,0.821,13.83,27.58,0.072,0.72
S403,6.62,1.65,0.938,15.52,26.13,0.086,0.79
S404,4.78,2.2,0.951,10.2,31.68,0.05,0.67
S405,4.82,-0.29,0.952,16.5,29.42,0.082,0.81
S406,7.95,2.79,0.949,11.55,24.68,0.099,0.81
S407,5.55,1.88,0.829,13.07,32.98,0.082,0.7
S408,4.85,2.57,0.867,15.92,26.89,0.059,0.68
S409,4.86,1.63,0.858,13.98,32.32,0.089,0.78
S410,3.43,1.86,0.897,14.09,27.88,0.048,0.78
S411,7.42,0.89,0.967,14.34,27.17,0.07,0.71
S412,4.09,2.24,0.85,14.57,30.69,0.024,0.76
S413,5.05,1.29,0.946,13.52,38.21,0.039,0.83
S414,0.9,2.25,0.877,13.71,31.74,0.038,0.75
S415,6.28,2.86,0.837,16.32,26.91,0.038,0.67
S416,7.84,2.16,0.877,16.19,33.25,0.044,0.83
S417,7.49,3.96,0.853,18.58,28.88,0.068,0.68
S418,2.91,2.42,0.853,16.99,35.89,0.088,0.77
S419,6.2,1.95,0.978,15.37,24.01,0.057,0.81
S420,5.1,2.2,0.868,15.7,36.68,0.062,0.81
S421,3.76,2.17,0.948,15.16,32.75,0.095,0.7
S422,6.05,2.64,0.821,14.35,26.36,0.066,0.76
S423,6.33,1.41,0.831,11.52,25.33,0.081,0.76
S424,5.9,2.35,0.918,14.65,33.85,0.023,0.74
S425,5.99,1.07,0.93,12.66,28.07,0.027,0.84
S426,4.81,2.15,0.923,14.96,25.33,0.033,0.73
S427,8.3,2.66,0.959,15.87,30.72,0.087,0.71
S428,3.31,2.88,0.856,10.92,32.12,0.066,0.78
S429,5.79,1.63,0.871,15.75,32.04,0.067,0.8
S430,2.32,3.21,0.91,13.6,25.35,0.087,0.67
S431,4.8,1.79,0.844,15.84,27.51,0.086,0.77
S432,5.51,0.8,0.903,15.66,30.46,0.071,0.65
S433,5.35,2.12,0.918,12.15,25.4,0.098,0.67
S434,6.37,2.73,0.896,13.17,29.14,0.096,0.8
S435,3.41,1.3,0.945,14.91,29.98,0.051,0.81
S436,3.37,0.64,0.951,11.14,30.03,0.038,0.68
S437,2.46,2,0.863,13.69,22.18,0.039,0.8
S438,3.33,1.9,0.863,16.83,28.11,0.08,0.67
S439,3.63,1.21,0.837,15.87,27.08,0.041,0.84
S440,3.3,3.33,0.978,17.16,27.25,0.025,0.66
S441,2.25,2.82,0.849,12.9,35.73,0.033,0.66
S442,5.65,3.01,0.84,12.56,31.86,0.065,0.7
S443,4.44,0.71,0.905,14.96,27.92,0.055,0.72
S444,5.3,1.72,0.95,12.86,35.42,0.099,0.74
S445,4.21,1.52,0.834,11.62,35.82,0.031,0.72
S446,9.31,1.62,0.863,16.63,29.34,0.021,0.67
S447,1.04,3.02,0.969,15.98,26.92,0.074,0.79
S448,3.81,1.43,0.902,13.62,32.18,0.027,0.71
S449,1.96,1.36,0.848,15.02,24.21,0.083,0.78
S450,6.4,3.03,0.855,17.25,30.63,0.037,0.78
S451,3.73,3.8,0.94,12.48,28.41,0.049,0.8
S452,5.53,3.3,0.893,16.84,23.04,0.095,0.76
S453,2.52,1.1,0.912,11.86,35.42,0.04,0.74
S454,5.06,-0.04,0.934,11.74,25.79,0.03,0.68
S455,4.69,1.23,0.85,14.37,20.62,0.059,0.73
S456,3.9,1.87,0.953,13.04,28.91,0.039,0.72
S457,11.08,2.32,0.826,13.82,23.9,0.033,0.68
S458,5.56,1.49,0.844,13.52,36.59,0.046,0.67
S459,1.24,3.15,0.964,15.91,27.41,0.059,0.7
S460,9.35,2.58,0.837,13.15,38.49,0.021,0.81
S461,4.66,2.01,0.904,11.5,22.39,0.025,0.77
S462,2.73,0.59,0.857,13.78,38.79,0.034,0.78
S463,3.56,3.16,0.926,18.81,29.06,0.026,0.67
S464,6.88,1.96,0.963,11.71,28.24,0.031,0.72
S465,7.15,0.23,0.956,14.32,29.24,0.08,0.81
S466,5.95,3.23,0.941,11.46,33.21,0.061,0.77
S467,3.53,3.9,0.925,10.9,26.28,0.045,0.66
S468,6.38,1.78,0.974,12.76,33.21,0.055,0.75
S469,5.54,0.98,0.849,15.68,27.21,0.066,0.74
S470,5.35,3.11,0.92,16.75,27.25,0.079,0.74
S471,5.16,3.43,0.968,14.2,28.81,0.097,0.78
S472,4.5,2.71,0.853,13.69,32.73,0.1,0.76
S473,5.3,-0.07,0.867,15.03,26.17,0.024,0.8
S474,3.95,1.36,0.943,12.8,37.57,0.077,0.68
S475,6.32,1.09,0.942,13.77,27.66,0.024,0.83
S476,5.47,2.57,0.924,15.43,38.71,0.048,0.82
S477,8.88,3.47,0.831,10.82,26.25,0.075,0.68
S478,2.61,2.01,0.895,12.84,39.35,0.044,0.68
S479,7.5,1.85,0.926,13.64,34.18,0.082,0.8
S480,3.19,0.52,0.949,14.91,36.6,0.08,0.74
S481,3.84,0.67,0.955,10.76,24.53,0.075,0.69
S482,4.8,2,0.931,10.37,26.43,0.035,0.8
S483,8.12,3.43,0.912,9.87,26.08,0.052,0.69
S484,3.25,1.51,0.875,12.38,29.78,0.075,0.7
S485,7.09,1.42,0.938,15.45,32.82,0.096,0.82
S486,6.99,0.91,0.876,14.9,34.03,0.068,0.81
S487,7.44,0.73,0.902,15.77,31.98,0.034,0.82
S488,3.77,2.96,0.824,13.66,32.46,0.036,0.76
S489,6.67,1.75,0.844,13.67,35.73,0.028,0.73
S490,5.05,2.82,0.87,13.73,30.02,0.05,0.74
S491,5.97,0.16,0.894,13.04,28.28,0.099,0.69
S492,4.16,1.64,0.911,19.07,32.57,0.085,0.77
S493,1.12,3.5,0.852,14.77,32.02,0.037,0.79
S494,5.4,0.84,0.905,12.28,24.45,0.07,0.75
S495,6.59,0.98,0.922,13.57,30.67,0.054,0.69
S496,6.85,1.87,0.892,15.82,40.16,0.061,0.85
S497,5.74,1.99,0.907,10.14,30.24,0.055,0.77
S498,4.29,2.29,0.873,13.47,34.2,0.096,0.77
S499,3.5,1.88,0.86,16.22,29.23,0.021,0.74
S500,6.65,2.06,0.944,15.21,36.6,0.049,0.78
S501,6.82,2.01,0.867,13.09,32.5,0.09,0.84
S502,4.92,1.08,0.823,15.73,27.66,0.02,0.84
S503,5.52,1.55,0.94,13.79,33.97,0.074,0.68
S504,5.38,0.66,0.868,12.04,37.5,0.021,0.73
S505,4.01,2.19,0.864,13.6,32.5,0.078,0.83
S506,6.77,1.11,0.881,16.65,30.39,0.062,0.69
S507,7.93,2.54,0.894,14.9,32.85,0.032,0.8
S508,1.67,2.52,0.949,13.95,31.21,0.05,0.8
S509,6.05,-0.1,0.846,10.97,33.57,0.031,0.69
S510,5.83,2.83,0.905,13.31,28.73,0.079,0.65
S511,4.68,2.68,0.822,15.57,26.17,0.043,0.76
S512,3.04,2.11,0.83,15.81,34.41,0.035,0.68
S513,8.49,-0.19,0.925,10.67,38.98,0.022,0.77
S514,4.65,0.12,0.968,11.88,31.83,0.089,0.85
S515,8.49,2.79,0.83,13.49,30.2,0.058,0.79
S516,6.77,1.49,0.863,13.26,41.69,0.042,0.75
S517,5.12,2.29,0.834,15.26,34.54,0.059,0.73
S518,4.66,-0.83,0.827,10.88,34.15,0.03,0.77
S519,5.37,2.48,0.915,12.58,31.31,0.022,0.69
S520,6.06,1.26,0.961,15.66,28,0.084,0.74
S521,5.37,1.23,0.839,15.84,28.54,0.063,0.82
S522,4.19,2.98,0.914,11.09,29.22,0.033,0.74
S523,7.2,1.64,0.848,15.22,24.41,0.057,0.69
S524,8.33,2.35,0.885,11.17,29.12,0.033,0.8
S525,4.96,1.14,0.867,15.21,30.6,0.052,0.71
S526,5.32,3.95,0.846,15.39,28.88,0.042,0.84
S527,6.5,1.19,0.873,14.34,31.25,0.075,0.68
S528,4.32,2.79,0.935,12.05,29.69,0.058,0.82
S529,0.81,1.47,0.848,10.03,30.65,0.029,0.75
S530,5.31,2.15,0.886,16.87,27.52,0.047,0.75
S531,7.16,1.8,0.915,11.06,28.73,0.077,0.67
S532,2.41,1.74,0.974,12.66,29.99,0.026,0.79
S533,0.68,1.69,0.857,13.46,27.04,0.044,0.68
S534,6.19,1.09,0.914,14.06,29.63,0.032,0.67
S535,2.99,2.39,0.825,15.06,27.53,0.093,0.72
S536,2.19,2.22,0.86,14.86,34.35,0.048,0.78
S537,2.64,1.94,0.902,14.42,29.03,0.058,0.71
S538,5.66,3.32,0.901,13.59,32.05,0.049,0.69
S539,7.61,2.83,0.98,12.18,27.74,0.042,0.81
S540,2.26,1.3,0.851,15.99,29.15,0.096,0.79
S541,5.42,2.12,0.921,14.77,29.63,0.083,0.68
S542,5.59,3.05,0.83,15.42,24.99,0.028,0.75
S543,5.42,1.87,0.961,13.56,23.39,0.076,0.75
S544,6.26,2.02,0.834,15.45,24.58,0.055,0.77
S545,4.95,1.6,0.896,9.11,32.75,0.039,0.82
S546,2.14,1.52,0.938,16.16,32.06,0.088,0.84
S547,5.47,2.87,0.906,13.6,28.86,0.092,0.83
S548,7.09,2.22,0.868,13.09,23.14,0.088,0.69
S549,4.48,2.63,0.955,12.93,32.95,0.097,0.82
S550,3.35,2.16,0.945,12.72,27.63,0.081,0.77
S551,6.61,1.54,0.964,14.03,31,0.064,0.68
S552,3.93,0.94,0.914,14.44,31.27,0.031,0.77
S553,4.49,1.66,0.891,17.21,34.87,0.07,0.72
S554,6.67,2.56,0.95,14.07,30.09,0.021,0.67
S555,6.15,2.44,0.929,11.67,15.26,0.061,0.81
S556,9.74,0.4,0.861,18.52,32.5,0.096,0.68
S557,4.21,3.8,0.875,13.92,26.57,0.077,0.78
S558,7.27,1.36,0.914,13.68,23.88,0.061,0.78
S559,3.26,1.91,0.827,12.93,26.21,0.036,0.85
S560,9.24,2.21,0.84,11.2,20.9,0.071,0.7
S561,7.91,3.67,0.89,16.45,32.93,0.072,0.66
S562,6.54,1.16,0.86,11.61,25.42,0.06,0.7
S563,2.32,1.19,0.95,16.02,33.15,0.054,0.77
S564,6.09,1.01,0.893,13.43,29.49,0.023,0.81
S565,3.62,2.22,0.948,15.16,29.3,0.099,0.8
S566,6.48,2.56,0.866,13.39,32.44,0.04,0.69
S567,5.35,2.17,0.831,14.65,18.62,0.028,0.83
S568,4.66,3.85,0.973,13.98,32.62,0.034,0.84
S569,8.92,1.66,0.873,14.07,30.75,0.062,0.76
S570,3.35,2.21,0.92,16.51,34.09,0.034,0.74
S571,3.98,0.22,0.887,14.03,28.26,0.032,0.74
S572,6.48,-0.37,0.938,11.81,31.47,0.053,0.81
S573,3.85,2.52,0.922,10.81,26.8,0.07,0.67
S574,3.93,2.52,0.917,12.86,32.49,0.043,0.81
S575,6.88,0.84,0.85,15.29,33.09,0.061,0.79
S576,6.85,1.94,0.931,15.21,19.35,0.053,0.84
S577,8.92,2.6,0.92,15.59,31.32,0.084,0.66
S578,6.27,1.69,0.886,14.82,26.1,0.027,0.85
S579,7.19,1.18,0.873,14.77,29.16,0.08,0.79
S580,5.1,1.93,0.954,12.5,29.01,0.064,0.74
S581,4.56,3.99,0.848,15.14,30.82,0.036,0.82
S582,5.39,2.81,0.929,17,31.84,0.03,0.73
S583,3.94,1.56,0.873,13.75,28.92,0.069,0.74
S584,7.33,2.9,0.879,15.32,27.59,0.029,0.75
S585,3.43,2.27,0.889,12.85,27.4,0.084,0.76
S586,6.61,2.08,0.964,16.1,24.21,0.069,0.84
S587,9.16,2.34,0.823,15.33,22.49,0.075,0.66
S588,4.87,2.34,0.828,14.26,35.01,0.069,0.68
S589,7.59,0.69,0.924,12.12,24.28,0.092,0.8
S590,5.77,2.26,0.827,14.7,36.38,0.023,0.84
S591,5.2,1.65,0.931,17.31,25.59,0.066,0.84
S592,6.71,1.95,0.919,14.26,32.7,0.078,0.82
S593,6.38,1.07,0.94,18.59,34.72,0.043,0.82
S594,6.05,2.39,0.821,11.45,28.37,0.057,0.81
S595,5.09,2.2,0.875,12.51,29.66,0.031,0.68
S596,3.66,1.97,0.875,12.62,30.82,0.054,0.8
S597,8.38,2.27,0.822,14.03,30.67,0.034,0.75
S598,5.62,2.36,0.849,15.87,26.99,0.087,0.74
S599,6.72,2.92,0.896,12.94,23.69,0.039,0.7
